[{"model": "Authapp.customuser", "pk": 6, "fields": {"password": "", "last_login": "2025-04-05T10:25:16.750Z", "phone": "8908042493", "name": "Pabitra Sahoo", "email": "pspabitra890@gmail.com", "country": "India", "state": "Odisha", "city": "Bhubaneswar", "pincode": "754005", "is_active": true, "is_staff": false, "is_superuser": false, "otp": "", "groups": [], "user_permissions": []}}, {"model": "Authapp.category", "pk": 1, "fields": {"name": "Electronics"}}, {"model": "Authapp.category", "pk": 2, "fields": {"name": "Fashion"}}, {"model": "Authapp.category", "pk": 3, "fields": {"name": "Accessories"}}, {"model": "Authapp.category", "pk": 4, "fields": {"name": "Appliances"}}, {"model": "Authapp.category", "pk": 5, "fields": {"name": "Furnitures"}}, {"model": "Authapp.category", "pk": 6, "fields": {"name": "Beauty & Personal-care"}}, {"model": "Authapp.subcategory", "pk": 1, "fields": {"name": "Mobiles", "slug": "mobile", "category": 1}}, {"model": "Authapp.subcategory", "pk": 2, "fields": {"name": "Laptops", "slug": "laptops", "category": 1}}, {"model": "Authapp.subcategory", "pk": 3, "fields": {"name": "Cameras", "slug": "cameras", "category": 1}}, {"model": "Authapp.subcategory", "pk": 4, "fields": {"name": "Hard Drives", "slug": "hard-drives", "category": 1}}, {"model": "Authapp.subcategory", "pk": 5, "fields": {"name": "Power Banks", "slug": "power-banks", "category": 1}}, {"model": "Authapp.subcategory", "pk": 6, "fields": {"name": "Men's Fashion", "slug": "mens-fashion", "category": 2}}, {"model": "Authapp.subcategory", "pk": 7, "fields": {"name": "Women's Fashion", "slug": "womens-fashion", "category": 2}}, {"model": "Authapp.subcategory", "pk": 8, "fields": {"name": "Kid's Fashion", "slug": "kids-fashion", "category": 2}}, {"model": "Authapp.subcategory", "pk": 9, "fields": {"name": "Watches", "slug": "watches", "category": 3}}, {"model": "Authapp.subcategory", "pk": 10, "fields": {"name": "Bags", "slug": "bags", "category": 3}}, {"model": "Authapp.subcategory", "pk": 11, "fields": {"name": "Sunglasses", "slug": "sunglasses", "category": 3}}, {"model": "Authapp.subcategory", "pk": 12, "fields": {"name": "Kitchen Appliances", "slug": "kitchen-appliances", "category": 4}}, {"model": "Authapp.subcategory", "pk": 13, "fields": {"name": "Home Appliances", "slug": "home-appliances", "category": 4}}, {"model": "Authapp.subcategory", "pk": 14, "fields": {"name": "Cleaning Appliances", "slug": "cleaning-appliances", "category": 4}}, {"model": "Authapp.subcategory", "pk": 15, "fields": {"name": "Beds", "slug": "beds", "category": 5}}, {"model": "Authapp.subcategory", "pk": 16, "fields": {"name": "Doors", "slug": "doors", "category": 5}}, {"model": "Authapp.subcategory", "pk": 17, "fields": {"name": "Table & Chairs", "slug": "table-chairs", "category": 5}}, {"model": "Authapp.subcategory", "pk": 18, "fields": {"name": "Sofas", "slug": "sofas", "category": 5}}, {"model": "Authapp.subcategory", "pk": 19, "fields": {"name": "Soaps & Bodywash", "slug": "soaps-bodywash", "category": 6}}, {"model": "Authapp.subcategory", "pk": 20, "fields": {"name": "Facewash", "slug": "facewash", "category": 6}}, {"model": "Authapp.subcategory", "pk": 21, "fields": {"name": "Sunscreens", "slug": "sunscreens", "category": 6}}, {"model": "Authapp.subcategory", "pk": 22, "fields": {"name": "Oils", "slug": "oils", "category": 6}}, {"model": "Authapp.subcategory", "pk": 23, "fields": {"name": "Sampoos", "slug": "sampoos", "category": 6}}, {"model": "Authapp.subcategory", "pk": 24, "fields": {"name": "Lipsticks", "slug": "lipsticks", "category": 6}}, {"model": "Authapp.subcategory", "pk": 25, "fields": {"name": "Face-creams", "slug": "face-creams", "category": 6}}, {"model": "Authapp.product", "pk": 3, "fields": {"subcategory": 2, "name": "laptop", "slug": "laptop", "image": "products/laptop.jpg", "price": "47883.00", "stock": 0, "is_featured": true, "description": "kjdflnvsfkljsknlkskgsl", "created_at": "2025-03-30T05:46:06.066Z", "updated_at": "2025-04-01T11:44:27.144Z"}}, {"model": "Authapp.product", "pk": 4, "fields": {"subcategory": 1, "name": "mobile", "slug": "mobile", "image": "products/mobile_Wwh7RuR.webp", "price": "3435.00", "stock": 0, "is_featured": true, "description": "fjshglskf;msknjglkf", "created_at": "2025-03-30T05:46:41.035Z", "updated_at": "2025-04-02T06:34:03.025Z"}}, {"model": "Authapp.product", "pk": 5, "fields": {"subcategory": 3, "name": "camera", "slug": "camera", "image": "products/Dslrr.jpg", "price": "35465.00", "stock": 9, "is_featured": true, "description": "etuhworiklnkjopfjkrw", "created_at": "2025-03-30T05:47:19.990Z", "updated_at": "2025-04-02T09:57:50.643Z"}}, {"model": "Authapp.product", "pk": 6, "fields": {"subcategory": 3, "name": "camera2", "slug": "camera2", "image": "products/cam2.jpg", "price": "65788.00", "stock": 0, "is_featured": true, "description": "tfjhkglj;k;oiuytf", "created_at": "2025-03-30T10:50:40.164Z", "updated_at": "2025-04-01T06:19:09.859Z"}}, {"model": "Authapp.product", "pk": 7, "fields": {"subcategory": 6, "name": "T-shirt", "slug": "t-shirt", "image": "products/shirt3.jpg", "price": "599.00", "stock": 0, "is_featured": true, "description": "sfuijks;ofvlns", "created_at": "2025-03-30T10:55:47.013Z", "updated_at": "2025-04-01T11:28:14.552Z"}}, {"model": "Authapp.product", "pk": 8, "fields": {"subcategory": 6, "name": "Shirt", "slug": "shirt", "image": "products/shirt.jpg", "price": "3499.00", "stock": 8, "is_featured": true, "description": "efoiuuogjrslkvfv", "created_at": "2025-03-30T10:56:58.943Z", "updated_at": "2025-04-02T09:57:50.637Z"}}, {"model": "Authapp.product", "pk": 10, "fields": {"subcategory": 12, "name": "Pan", "slug": "pan", "image": "products/pan.jpg", "price": "799.00", "stock": 2, "is_featured": true, "description": "Non-stick Pan", "created_at": "2025-04-02T11:54:19.263Z", "updated_at": "2025-04-02T11:54:19.263Z"}}, {"model": "Authapp.product", "pk": 11, "fields": {"subcategory": 25, "name": "Ponds face-cream", "slug": "ponds-face-cream", "image": "products/face_cream.jpg", "price": "140.00", "stock": 5, "is_featured": true, "description": "", "created_at": "2025-04-04T15:44:29.766Z", "updated_at": "2025-04-04T15:44:29.766Z"}}, {"model": "Authapp.product", "pk": 12, "fields": {"subcategory": 24, "name": "Sugar lipstick", "slug": "sugar-lipstick", "image": "products/lipsticks.png", "price": "699.00", "stock": 4, "is_featured": true, "description": "", "created_at": "2025-04-04T15:45:10.310Z", "updated_at": "2025-04-04T15:45:10.310Z"}}, {"model": "Authapp.product", "pk": 13, "fields": {"subcategory": 23, "name": "Johnshon's Baby Sampoo", "slug": "johnshons-baby-sampoo", "image": "products/sampoo_2.webp", "price": "299.00", "stock": 4, "is_featured": true, "description": "", "created_at": "2025-04-04T15:46:35.858Z", "updated_at": "2025-04-04T15:46:35.858Z"}}, {"model": "Authapp.product", "pk": 14, "fields": {"subcategory": 23, "name": "Tresemme sampoo", "slug": "tresemme-sampoo", "image": "products/sampoo.jpg", "price": "199.00", "stock": 3, "is_featured": true, "description": "", "created_at": "2025-04-04T15:48:11.292Z", "updated_at": "2025-04-04T15:48:11.292Z"}}, {"model": "Authapp.product", "pk": 15, "fields": {"subcategory": 22, "name": "Bajaj Almond Oil", "slug": "bajaj-almond-oil", "image": "products/iol2.webp", "price": "159.00", "stock": 6, "is_featured": true, "description": "", "created_at": "2025-04-04T15:48:48.586Z", "updated_at": "2025-04-04T15:48:48.586Z"}}, {"model": "Authapp.product", "pk": 16, "fields": {"subcategory": 22, "name": "Coconut Oil", "slug": "coconut-oil", "image": "products/oil.webp", "price": "250.00", "stock": 4, "is_featured": true, "description": "", "created_at": "2025-04-04T15:49:37.028Z", "updated_at": "2025-04-04T15:49:37.028Z"}}, {"model": "Authapp.product", "pk": 17, "fields": {"subcategory": 21, "name": "Derma Co Sunscreen", "slug": "derma-co-sunscreen", "image": "products/sunscreen.jpg", "price": "449.00", "stock": 6, "is_featured": true, "description": "", "created_at": "2025-04-04T15:50:17.987Z", "updated_at": "2025-04-04T15:50:17.987Z"}}, {"model": "Authapp.product", "pk": 18, "fields": {"subcategory": 20, "name": "Nivia Men Facewash", "slug": "nivia-men-facewash", "image": "products/facewash.jpg", "price": "399.00", "stock": 8, "is_featured": true, "description": "", "created_at": "2025-04-04T15:51:05.266Z", "updated_at": "2025-04-04T15:51:05.266Z"}}, {"model": "Authapp.product", "pk": 19, "fields": {"subcategory": 19, "name": "Fiama Bodywash", "slug": "fiama-bodywash", "image": "products/bodywash.webp", "price": "199.00", "stock": 4, "is_featured": true, "description": "", "created_at": "2025-04-04T15:51:47.845Z", "updated_at": "2025-04-04T16:20:38.830Z"}}, {"model": "Authapp.product", "pk": 20, "fields": {"subcategory": 19, "name": "Fiama Soap", "slug": "fiama-soap", "image": "products/soap.jpg", "price": "149.00", "stock": 7, "is_featured": true, "description": "", "created_at": "2025-04-04T15:52:15.540Z", "updated_at": "2025-04-04T15:52:15.540Z"}}, {"model": "Authapp.product", "pk": 21, "fields": {"subcategory": 17, "name": "Office Chair", "slug": "wheel-chair", "image": "products/chair2.jpg", "price": "4999.00", "stock": 1, "is_featured": true, "description": "", "created_at": "2025-04-04T15:52:45.673Z", "updated_at": "2025-04-04T16:40:34.594Z"}}, {"model": "Authapp.product", "pk": 22, "fields": {"subcategory": 17, "name": "Chair", "slug": "office-chair", "image": "products/chair_1.jpg", "price": "2200.00", "stock": 6, "is_featured": true, "description": "", "created_at": "2025-04-04T15:54:50.154Z", "updated_at": "2025-04-04T16:40:55.571Z"}}, {"model": "Authapp.product", "pk": 23, "fields": {"subcategory": 18, "name": "Sofa", "slug": "sofa", "image": "products/soofa2.jpg", "price": "8999.00", "stock": 1, "is_featured": true, "description": "", "created_at": "2025-04-04T15:55:42.282Z", "updated_at": "2025-04-04T15:55:42.284Z"}}, {"model": "Authapp.product", "pk": 24, "fields": {"subcategory": 18, "name": "Sofa Leather", "slug": "sofa-leather", "image": "products/soofa_1.jpg", "price": "10000.00", "stock": 2, "is_featured": true, "description": "", "created_at": "2025-04-04T15:56:53.850Z", "updated_at": "2025-04-04T15:56:53.850Z"}}, {"model": "Authapp.product", "pk": 25, "fields": {"subcategory": 16, "name": "Main Door", "slug": "main-door", "image": "products/door2.png", "price": "15000.00", "stock": 5, "is_featured": true, "description": "", "created_at": "2025-04-04T15:57:25.480Z", "updated_at": "2025-04-04T15:57:25.480Z"}}, {"model": "Authapp.product", "pk": 26, "fields": {"subcategory": 15, "name": "Door for Bedroom", "slug": "door-for-bedroom", "image": "products/door1.jpg", "price": "12000.00", "stock": 3, "is_featured": true, "description": "", "created_at": "2025-04-04T15:58:01.006Z", "updated_at": "2025-04-04T15:58:01.006Z"}}, {"model": "Authapp.product", "pk": 27, "fields": {"subcategory": 17, "name": "Small Table", "slug": "small-table", "image": "products/table_2.webp", "price": "2899.00", "stock": 7, "is_featured": true, "description": "", "created_at": "2025-04-04T15:58:42.508Z", "updated_at": "2025-04-04T15:58:42.508Z"}}, {"model": "Authapp.product", "pk": 28, "fields": {"subcategory": 17, "name": "Study Table", "slug": "study-table", "image": "products/table1.jpg", "price": "3599.00", "stock": 3, "is_featured": true, "description": "", "created_at": "2025-04-04T15:59:12.789Z", "updated_at": "2025-04-04T15:59:12.789Z"}}, {"model": "Authapp.product", "pk": 29, "fields": {"subcategory": 15, "name": "King Size Bed", "slug": "king-size-bed", "image": "products/bed2.webp", "price": "29999.00", "stock": 1, "is_featured": true, "description": "", "created_at": "2025-04-04T16:00:00.892Z", "updated_at": "2025-04-04T16:00:00.892Z"}}, {"model": "Authapp.product", "pk": 30, "fields": {"subcategory": 15, "name": "Single Bed", "slug": "single-bed", "image": "products/bes1.webp", "price": "14999.00", "stock": 4, "is_featured": true, "description": "", "created_at": "2025-04-04T16:00:27.059Z", "updated_at": "2025-04-04T16:00:27.059Z"}}, {"model": "Authapp.product", "pk": 31, "fields": {"subcategory": 14, "name": "Doctor Phenyl", "slug": "doctor-phenyl", "image": "products/phenyle.jpeg", "price": "120.00", "stock": 4, "is_featured": true, "description": "", "created_at": "2025-04-04T16:01:40.264Z", "updated_at": "2025-04-04T16:01:40.264Z"}}, {"model": "Authapp.product", "pk": 32, "fields": {"subcategory": 14, "name": "Floor Clean Liquid", "slug": "floor-clean-liquid", "image": "products/floor_clean_liquid.jpg", "price": "169.00", "stock": 4, "is_featured": true, "description": "", "created_at": "2025-04-04T16:02:17.570Z", "updated_at": "2025-04-04T16:02:17.570Z"}}, {"model": "Authapp.product", "pk": 33, "fields": {"subcategory": 14, "name": "Plastic Bucket", "slug": "plastic-bucket", "image": "products/bucket.jpg", "price": "179.00", "stock": 2, "is_featured": true, "description": "", "created_at": "2025-04-04T16:02:55.566Z", "updated_at": "2025-04-04T16:02:55.566Z"}}, {"model": "Authapp.product", "pk": 34, "fields": {"subcategory": 13, "name": "Boat Soundbar", "slug": "boat-soundbar", "image": "products/soundbar.jpg", "price": "11999.00", "stock": 1, "is_featured": true, "description": "", "created_at": "2025-04-04T16:03:55.237Z", "updated_at": "2025-04-04T16:03:55.237Z"}}, {"model": "Authapp.product", "pk": 35, "fields": {"subcategory": 13, "name": "LG Washing Machine", "slug": "lg-washing-machine", "image": "products/washing_machine.jpg", "price": "17000.00", "stock": 4, "is_featured": true, "description": "", "created_at": "2025-04-04T16:04:37.220Z", "updated_at": "2025-04-04T16:20:38.828Z"}}, {"model": "Authapp.product", "pk": 36, "fields": {"subcategory": 13, "name": "Sony TV", "slug": "sony-tv", "image": "products/tv.webp", "price": "32000.00", "stock": 3, "is_featured": true, "description": "", "created_at": "2025-04-04T16:05:14.458Z", "updated_at": "2025-04-04T16:05:14.458Z"}}, {"model": "Authapp.product", "pk": 37, "fields": {"subcategory": 12, "name": "Hindware Chimney", "slug": "hindware-chimney", "image": "products/chiminy.jpg", "price": "7999.00", "stock": 2, "is_featured": true, "description": "", "created_at": "2025-04-04T16:06:17.854Z", "updated_at": "2025-04-04T16:06:17.854Z"}}, {"model": "Authapp.product", "pk": 38, "fields": {"subcategory": 12, "name": "Micro-wave Oven", "slug": "micro-wave-oven", "image": "products/oven.jpg", "price": "8999.00", "stock": 0, "is_featured": true, "description": "", "created_at": "2025-04-04T16:06:57.053Z", "updated_at": "2025-04-04T16:06:57.053Z"}}, {"model": "Authapp.product", "pk": 39, "fields": {"subcategory": 12, "name": "Pigeon Mixer Grinder", "slug": "pigeon-mixer-grinder", "image": "products/grinder.jpg", "price": "2499.00", "stock": 1, "is_featured": true, "description": "", "created_at": "2025-04-04T16:07:38.723Z", "updated_at": "2025-04-04T16:07:38.724Z"}}, {"model": "Authapp.product", "pk": 40, "fields": {"subcategory": 11, "name": "Sunglass For Men", "slug": "sunglass-for-men", "image": "products/sunglass.jpg", "price": "399.00", "stock": 3, "is_featured": true, "description": "", "created_at": "2025-04-04T16:08:10.160Z", "updated_at": "2025-04-04T16:08:10.160Z"}}, {"model": "Authapp.product", "pk": 41, "fields": {"subcategory": 10, "name": "Leather Bag For Men", "slug": "leather-bag-for-men", "image": "products/bag_men.webp", "price": "3700.00", "stock": 2, "is_featured": true, "description": "", "created_at": "2025-04-04T16:08:45.308Z", "updated_at": "2025-04-04T16:08:45.308Z"}}, {"model": "Authapp.product", "pk": 42, "fields": {"subcategory": 10, "name": "Sling Bag for Women", "slug": "sling-bag-for-women", "image": "products/women_bag.jpg", "price": "1699.00", "stock": 2, "is_featured": true, "description": "", "created_at": "2025-04-04T16:09:33.989Z", "updated_at": "2025-04-04T16:09:33.989Z"}}, {"model": "Authapp.product", "pk": 43, "fields": {"subcategory": 9, "name": "Watch For Men", "slug": "watch-for-men", "image": "products/watch.jpg", "price": "3499.00", "stock": 1, "is_featured": true, "description": "", "created_at": "2025-04-04T16:10:03.121Z", "updated_at": "2025-04-04T16:10:03.121Z"}}, {"model": "Authapp.product", "pk": 44, "fields": {"subcategory": 7, "name": "Tops For Women", "slug": "tops-for-women", "image": "products/top_women.jpg", "price": "349.00", "stock": 0, "is_featured": true, "description": "", "created_at": "2025-04-04T16:10:57.246Z", "updated_at": "2025-04-04T16:10:57.246Z"}}, {"model": "Authapp.product", "pk": 45, "fields": {"subcategory": 7, "name": "Pants For Women", "slug": "pants-for-women", "image": "products/pant_women.jpg", "price": "799.00", "stock": 3, "is_featured": true, "description": "", "created_at": "2025-04-04T16:11:35.136Z", "updated_at": "2025-04-04T16:11:35.136Z"}}, {"model": "Authapp.product", "pk": 46, "fields": {"subcategory": 5, "name": "1000mAh Power Bank", "slug": "1000mah-power-bank", "image": "products/power_bank.jpg", "price": "699.00", "stock": 2, "is_featured": true, "description": "", "created_at": "2025-04-04T16:14:16.562Z", "updated_at": "2025-04-04T16:14:16.562Z"}}, {"model": "Authapp.product", "pk": 47, "fields": {"subcategory": 4, "name": "1TB Hard-drive", "slug": "1tb-hard-drive", "image": "products/hard_drive.jpg", "price": "1677.00", "stock": 4, "is_featured": true, "description": "", "created_at": "2025-04-04T16:15:29.192Z", "updated_at": "2025-04-04T16:15:29.192Z"}}, {"model": "Authapp.wishlist", "pk": 37, "fields": {"user": 6, "product": 43, "added_at": "2025-04-04T16:31:01.338Z"}}, {"model": "Authapp.wishlist", "pk": 38, "fields": {"user": 6, "product": 34, "added_at": "2025-04-04T16:31:06.044Z"}}, {"model": "Authapp.shippingaddress", "pk": 78, "fields": {"user": 6, "full_name": "Pabitra Sahoo", "phone_number": "1234567890", "street_address": "anandapur", "city": "Keonjhar", "state": "Odisha", "country": "India", "postal_code": "736232", "is_default": false}}, {"model": "Authapp.shippingaddress", "pk": 79, "fields": {"user": 6, "full_name": "Pabitra Sahoo", "phone_number": "1234567890", "street_address": "anandapur", "city": "Keonjhar", "state": "Odisha", "country": "India", "postal_code": "736232", "is_default": false}}, {"model": "Authapp.shippingaddress", "pk": 80, "fields": {"user": 6, "full_name": "Pabitra Sahoo", "phone_number": "1234567890", "street_address": "anandapur", "city": "Keonjhar", "state": "Odisha", "country": "India", "postal_code": "736232", "is_default": false}}, {"model": "Authapp.shippingaddress", "pk": 81, "fields": {"user": 6, "full_name": "Pabitra Sahoo", "phone_number": "1234567890", "street_address": "anandapur", "city": "Keonjhar", "state": "Odisha", "country": "India", "postal_code": "736232", "is_default": false}}, {"model": "Authapp.order", "pk": 33, "fields": {"unique_order_id": "ORD96AD109C", "user": 6, "shipping_address": 79, "total_amount": "3499.00", "status": "Delivered", "payment_method": "COD", "created_at": "2025-04-02T09:43:32.812Z", "updated_at": "2025-04-02T09:56:49.282Z"}}, {"model": "Authapp.order", "pk": 34, "fields": {"unique_order_id": "ORD712BEBF9", "user": 6, "shipping_address": 80, "total_amount": "38964.00", "status": "Cancelled", "payment_method": "COD", "created_at": "2025-04-02T09:57:50.634Z", "updated_at": "2025-04-04T15:14:01.011Z"}}, {"model": "Authapp.order", "pk": 35, "fields": {"unique_order_id": "ORD81A336C0", "user": 6, "shipping_address": 81, "total_amount": "17199.00", "status": "Delivered", "payment_method": "COD", "created_at": "2025-04-04T16:20:38.826Z", "updated_at": "2025-04-04T16:21:41.461Z"}}, {"model": "Authapp.orderitem", "pk": 38, "fields": {"order": 33, "product": 8, "quantity": 1, "price": "3499.00"}}, {"model": "Authapp.orderitem", "pk": 39, "fields": {"order": 34, "product": 8, "quantity": 1, "price": "3499.00"}}, {"model": "Authapp.orderitem", "pk": 40, "fields": {"order": 34, "product": 5, "quantity": 1, "price": "35465.00"}}, {"model": "Authapp.orderitem", "pk": 41, "fields": {"order": 35, "product": 35, "quantity": 1, "price": "17000.00"}}, {"model": "Authapp.orderitem", "pk": 42, "fields": {"order": 35, "product": 19, "quantity": 1, "price": "199.00"}}, {"model": "Authapp.contactus", "pk": 5, "fields": {"name": "Pabitra Sahoo Sahoo", "email": "pspabitra890@gmail.com", "subject": "hdejbder", "message": "ajdhlrigg", "created_at": "2025-04-03T04:46:35.607Z"}}, {"model": "Authapp.contactus", "pk": 6, "fields": {"name": "Pabitra Sahoo Sahoo", "email": "pspabitra890@gmail.com", "subject": "hdejbder", "message": "ajdhlrigg", "created_at": "2025-04-03T04:48:55.532Z"}}, {"model": "Authapp.contactus", "pk": 7, "fields": {"name": "Pabitra sahoo", "email": "pabitra@gmail.com", "subject": "hdejbder", "message": "hgqehfljkmfbuoi", "created_at": "2025-04-03T04:53:44.852Z"}}, {"model": "Authapp.contactus", "pk": 8, "fields": {"name": "Pabitra sahoo", "email": "pabitra@gmail.com", "subject": "hdejbder", "message": "hgqehfljkmfbuoi", "created_at": "2025-04-03T04:58:46.438Z"}}, {"model": "Authapp.contactus", "pk": 9, "fields": {"name": "Pabitra sahoo", "email": "pabitra@gmail.com", "subject": "hdejbder", "message": "hgqehfljkmfbuoi", "created_at": "2025-04-03T04:59:20.273Z"}}, {"model": "Authapp.contactus", "pk": 10, "fields": {"name": "Pabitra Sahoo Sahoo", "email": "pspabitra890@gmail.com", "subject": "hdejbder", "message": "efqrgthw", "created_at": "2025-04-03T05:00:14.064Z"}}, {"model": "Authapp.contactus", "pk": 11, "fields": {"name": "Pabitra sahoo", "email": "alok890@gmail.com", "subject": "hdejbder", "message": "egrht", "created_at": "2025-04-03T05:04:57.633Z"}}, {"model": "Authapp.contactus", "pk": 12, "fields": {"name": "abhi", "email": "alok890@gmail.com", "subject": "ergrhth", "message": "trhtjtg", "created_at": "2025-04-04T17:22:11.723Z"}}]